2025-10-28_00-15-10,None,draft.py:2025-10-28_00-15-10
2025-10-28_00-15-10,None,draft.py:2025-10-28_00-15-10
2025-10-28_00-15-11,None,draft.py:2025-10-28_00-15-11
2025-10-28_09-03-50,None,draft.py:2025-10-28_00-15-11
2025-10-28_09-03-50,None,draft.py:2025-10-28_00-15-11
2025-10-28_09-03-51,None,draft.py:2025-10-28_00-15-11
2025-10-28_09-03-51,None,draft.py:2025-10-28_00-15-11
2025-10-28_09-03-51,None,draft.py:2025-10-28_00-15-11
2025-10-28_09-12-43,None,draft.py:2025-10-28_00-15-11
2025-10-28_09-26-44,None,draft.py:2025-10-28_00-15-11
2025-10-28_09-35-54,None,draft.py:2025-10-28_00-15-11
2025-10-28_09-46-30,None,draft.py:2025-10-28_00-15-11
2025-10-28_09-46-33,None,draft.py:2025-10-28_00-15-11
2025-10-28_09-47-53,None,draft.py:2025-10-28_00-15-11
2025-10-28_09-47-54,None,draft.py:2025-10-28_00-15-11
2025-10-28_09-48-34,None,draft.py:2025-10-28_00-15-11
2025-10-28_09-48-54,None,draft.py:2025-10-28_00-15-11
2025-10-28_09-48-58,None,draft.py:2025-10-28_00-15-11
2025-10-28_09-49-51,None,draft.py:2025-10-28_00-15-11
2025-10-28_09-50-41,None,draft.py:2025-10-28_00-15-11
2025-10-28_09-51-28,None,draft.py:2025-10-28_00-15-11
2025-10-28_09-51-43,None,draft.py:2025-10-28_00-15-11
2025-10-28_09-51-43,None,draft.py:2025-10-28_00-15-11
2025-10-28_09-52-06,None,draft.py:2025-10-28_00-15-11
2025-10-28_09-53-48,None,draft.py:2025-10-28_00-15-11
2025-10-28_09-57-24,None,draft.py:2025-10-28_00-15-11
2025-10-28_09-57-57,None,draft.py:2025-10-28_00-15-11
2025-10-28_09-58-15,None,draft.py:2025-10-28_00-15-11
2025-10-28_09-59-32,None,draft.py:2025-10-28_00-15-11
2025-10-28_10-00-00,None,draft.py:2025-10-28_00-15-11
2025-10-28_10-23-04,None,draft.py:2025-10-28_00-15-11
2025-10-28_10-23-32,None,draft.py:2025-10-28_00-15-11
2025-10-28_10-24-33,None,draft.py:2025-10-28_00-15-11
2025-10-28_10-24-41,None,draft.py:2025-10-28_00-15-11
2025-10-28_10-28-01,None,draft.py:2025-10-28_00-15-11
2025-10-28_10-30-05,None,draft.py:2025-10-28_00-15-11
2025-10-28_10-31-10,None,draft.py:2025-10-28_00-15-11
2025-10-28_10-31-11,None,draft.py:2025-10-28_00-15-11
2025-10-28_10-31-39,None,draft.py:2025-10-28_00-15-11
2025-10-28_10-32-11,None,draft.py:2025-10-28_00-15-11
2025-10-28_10-33-32,None,draft.py:2025-10-28_00-15-11
2025-10-28_10-34-09,None,draft.py:2025-10-28_00-15-11
2025-10-28_10-35-18,None,draft.py:2025-10-28_00-15-11
2025-10-28_10-35-19,None,draft.py:2025-10-28_00-15-11
2025-10-28_10-35-58,None,draft.py:2025-10-28_10-35-58
2025-10-28_10-36-43,None,draft.py:2025-10-28_10-35-58
