2025-10-21_11-02-37,None,draft.py:2025-10-21_11-02-37
2025-10-21_11-06-47,None,draft.py:2025-10-21_11-06-47
2025-10-21_11-06-52,None,draft.py:2025-10-21_11-06-47
2025-10-21_11-07-56,None,draft.py:2025-10-21_11-07-56
2025-10-21_11-08-14,None,draft.py:2025-10-21_11-08-14
2025-10-21_11-08-39,None,draft.py:2025-10-21_11-08-39
2025-10-21_11-08-40,None,draft.py:2025-10-21_11-08-39
2025-10-21_11-09-47,None,draft.py:2025-10-21_11-09-47
2025-10-21_11-10-13,None,draft.py:2025-10-21_11-10-13
2025-10-21_11-10-28,None,draft.py:2025-10-21_11-10-28
2025-10-21_11-11-02,None,draft.py:2025-10-21_11-11-02
2025-10-21_11-11-09,None,draft.py:2025-10-21_11-11-09
