2025-10-27_21-37-02,None,draft.py:2025-10-27_21-37-02
2025-10-27_21-42-43,None,draft.py:2025-10-27_21-42-43
2025-10-27_21-48-39,None,draft.py:2025-10-27_21-48-39
2025-10-27_21-50-08,None,draft.py:2025-10-27_21-50-08
2025-10-27_21-50-09,None,draft.py:2025-10-27_21-50-08
2025-10-27_21-56-31,None,draft.py:2025-10-27_21-56-31
2025-10-27_21-57-02,None,draft.py:2025-10-27_21-57-02
2025-10-27_21-57-25,None,draft.py:2025-10-27_21-57-25
2025-10-27_21-58-45,None,draft.py:2025-10-27_21-58-45
2025-10-27_21-59-32,None,draft.py:2025-10-27_21-59-32
2025-10-27_23-20-16,None,draft.py:2025-10-27_21-59-32
