2025-10-27_23-14-59,None,draft.py:2025-10-27_23-14-59
2025-10-27_23-15-00,None,draft.py:2025-10-27_23-14-59
2025-10-27_23-15-06,None,draft.py:2025-10-27_23-14-59
2025-10-27_23-25-55,None,draft.py:2025-10-27_23-25-55
2025-10-27_23-25-55,None,draft.py:2025-10-27_23-25-55
2025-10-27_23-27-22,None,draft.py:2025-10-27_23-27-22
2025-10-27_23-28-58,None,draft.py:2025-10-27_23-28-58
2025-10-27_23-34-32,None,draft.py:2025-10-27_23-34-32
2025-10-27_23-34-33,None,draft.py:2025-10-27_23-34-32
2025-10-27_23-39-51,None,draft.py:2025-10-27_23-39-51
2025-10-27_23-45-32,None,draft.py:2025-10-27_23-39-51
2025-10-27_23-51-49,None,draft.py:2025-10-27_23-51-49
2025-10-27_23-56-32,None,draft.py:2025-10-27_23-56-32
2025-10-28_00-00-18,None,draft.py:2025-10-28_00-00-18
2025-10-28_00-10-15,None,draft.py:2025-10-28_00-10-15
